firstname|lastname|mobile
Parinya1|Pensrichol1|0886667862
Parinya2|Pensrichol2|0886667862
Parinya3|Pensrichol3|0886667862
Parinya4|Pensrichol4|0886667862
Parinya5|Pensrichol5|0886667862
Parinya6|Pensrichol6|0886667862
Parinya7|Pensrichol7|0886667862
Parinya8|Pensrichol8|0886667862
Parinya9|Pensrichol9|0886667862
Parinya10|Pensrichol10|0886667862
Parinya11|Pensrichol11|0886667862
Parinya12|Pensrichol12|0886667862
Parinya13|Pensrichol13|0886667862
Parinya14|Pensrichol14|0886667862
Parinya15|Pensrichol15|0886667862
Parinya16|Pensrichol16|0886667862
Parinya17|Pensrichol17|0886667862
Parinya18|Pensrichol18|0886667862
Parinya19|Pensrichol19|0886667862
Parinya20|Pensrichol20|0886667862
Parinya21|Pensrichol21|0886667862
Parinya22|Pensrichol22|0886667862
