ลำดับ|คำนำหน้า|ชื่อ|นามสกุล|วันเกิด|เบอร์โทร
1|คุณ|กานต์|ดา||0648218803
2|คุณ|กานต์|ดา1||0648218804
3|คุณ|กานต์|ดา2||0648218805
4|คุณ|กานต์|ดา3||0648218806
5|คุณ|กานต์|ดา4||0648218807
6|คุณ|กานต์|ดา5||0648218808
7|คุณ|กานต์|ดา6||0648218809
8|คุณ|กานต์|ดา7||0648218810
9|คุณ|กานต์|ดา8||0648218811
10|คุณ|กานต์|ดา9||0648218812
11|คุณ|กานต์|ดา10||0648218813
12|คุณ|กานต์|ดา11||0648218814
13|คุณ|กานต์|ดา12||0648218815
14|คุณ|กานต์|ดา13||0648218816
15|คุณ|กานต์|ดา14||0648218817
16|คุณ|กานต์|ดา15||0648218818
17|คุณ|กานต์|ดา16||0648218819
18|คุณ|กานต์|ดา17||0648218820
19|คุณ|กานต์|ดา18||0648218821
20|คุณ|กานต์|ดา19||0648218822
21|คุณ|กานต์|ดา20||0648218823
22|คุณ|กานต์|ดา21||0648218824
23|คุณ|กานต์|ดา22||0648218825
24|คุณ|กานต์|ดา23||0648218826
25|คุณ|กานต์|ดา24||0648218827
